<?xml version="1.0" encoding="UTF-8"?>
<project-private xmlns="http://www.netbeans.org/ns/project-private/1">
    <editor-bookmarks xmlns="http://www.netbeans.org/ns/editor-bookmarks/2" lastBookmarkId="0"/>
    <open-files xmlns="http://www.netbeans.org/ns/projectui-open-files/2">
        <group>
            <file>file:/C:/Users/rujja/OneDrive/Desktop/javalab/WebApplication2/src/java/Servlet/EditEventServlet.java</file>
            <file>file:/C:/Users/rujja/OneDrive/Desktop/javalab/WebApplication2/src/java/Servlet/ApproveEventServlet.java</file>
            <file>file:/C:/Users/rujja/OneDrive/Desktop/javalab/WebApplication2/web/edit_event.jsp</file>
            <file>file:/C:/Users/rujja/OneDrive/Desktop/javalab/WebApplication2/web/admin_dashboard.jsp</file>
            <file>file:/C:/Users/rujja/OneDrive/Desktop/javalab/WebApplication2/src/java/Servlet/CancelParticipationServlet.java</file>
            <file>file:/C:/Users/rujja/OneDrive/Desktop/javalab/WebApplication2/web/create-event.jsp</file>
            <file>file:/C:/Users/rujja/OneDrive/Desktop/javalab/WebApplication2/src/java/Servlet/SendEventRequestServlet.java</file>
            <file>file:/C:/Users/rujja/OneDrive/Desktop/javalab/WebApplication2/src/java/Servlet/MyEventsServlet.java</file>
            <file>file:/C:/Users/rujja/OneDrive/Desktop/javalab/WebApplication2/web/includes/navbar.jsp</file>
            <file>file:/C:/Users/rujja/OneDrive/Desktop/javalab/WebApplication2/src/java/Servlet/HomeServlet.java</file>
            <file>file:/C:/Users/rujja/OneDrive/Desktop/javalab/WebApplication2/src/java/Servlet/ViewEventsServlet.java</file>
            <file>file:/C:/Users/rujja/OneDrive/Desktop/javalab/WebApplication2/web/index.jsp</file>
            <file>file:/C:/Users/rujja/OneDrive/Desktop/javalab/WebApplication2/web/events.jsp</file>
            <file>file:/C:/Users/rujja/OneDrive/Desktop/javalab/WebApplication2/web/my_events.jsp</file>
        </group>
    </open-files>
</project-private>
